    -- ====================================================================
    -- SISTEMA DE MENTORÍAS ACADÉMICAS - UTMACH
    -- REFACTORIZACIÓN ARQUITECTURA ORACLE ULTIMATE V8 GOD TIER (Enterprise)
    -- ====================================================================
    -- CONVENCIÓN GLOBAL DE ESTADO:
    --   Todas las tablas usan 'estado NUMBER(1) DEFAULT 1 CHECK (estado IN (0,1))'
    --   donde 1 = activo, 0 = inactivo (soft delete).
    --   Auditoría centralizada vía tabla historial_cambios.
    -- ====================================================================

    -- ====================================================================
    -- SECCIÓN 0: LIMPIEZA DEL ESQUEMA (Idempotencia)
    -- ====================================================================
    BEGIN
        FOR t IN (SELECT table_name FROM user_tables WHERE table_name IN (
            'HISTORIAL_CAMBIOS', 'TABLAS_SISTEMA', 'NOTIFICACIONES', 'CALIFICACIONES', 'SESIONES_MENTORIA', 'SOLICITUDES_MENTORIA',
            'DISPONIBILIDAD_MENTOR', 'CAT_DIAS', 'MENTOR_ESPECIALIDADES', 'CARRERA_MATERIAS', 'MATERIAS', 'CUENTA_ROLES',
            'MENTORES', 'ESTUDIANTES', 'ROLES', 'CAT_ESTADO_SESION', 'CAT_ESTADO_SOLICITUD', 'CAT_ESTADO_APROBACION',
            'FACULTAD_DIRECTORES', 'PERFILES_ACADEMICOS', 'CARRERAS', 'FACULTADES', 'PERFILES', 'CUENTAS'
        )) LOOP
            EXECUTE IMMEDIATE 'DROP TABLE ' || t.table_name || ' CASCADE CONSTRAINTS';
        END LOOP;
    END;
    /

    -- ====================================================================
    -- SECCIÓN 1: DDL - CREACIÓN DE TABLAS
    -- ====================================================================

    CREATE TABLE cuentas (
        id                  NUMBER GENERATED BY DEFAULT AS IDENTITY PRIMARY KEY,
        uuid                RAW(16)         DEFAULT SYS_GUID() NOT NULL UNIQUE,
        correo              VARCHAR2(180)   NOT NULL UNIQUE,
        password_hash       VARCHAR2(500)   NOT NULL,
        ultimo_acceso       TIMESTAMP,
        estado              NUMBER(1)       DEFAULT 1 NOT NULL,
        fecha_creacion      TIMESTAMP       DEFAULT SYSTIMESTAMP NOT NULL,
        fecha_actualizacion TIMESTAMP       DEFAULT SYSTIMESTAMP NOT NULL,
        CONSTRAINT ck_cuentas_pwd_len CHECK (LENGTH(password_hash) > 20),
        CONSTRAINT ck_cuentas_correo_utmach CHECK (REGEXP_LIKE(correo, '^[A-Za-z0-9._%+-]+@utmachala\.edu\.ec$')),
        CONSTRAINT ck_cuentas_estado CHECK (estado IN (0,1))
    );

    CREATE INDEX idx_cuentas_estado ON cuentas (estado);
    CREATE INDEX idx_cuentas_acc ON cuentas (ultimo_acceso);

    CREATE TABLE perfiles (
        id                  NUMBER GENERATED BY DEFAULT AS IDENTITY PRIMARY KEY,
        cuenta_id           NUMBER          NOT NULL UNIQUE,
        codigo_institucional VARCHAR2(20)   UNIQUE NOT NULL,
        nombres             VARCHAR2(100)   NOT NULL,
        apellidos           VARCHAR2(100)   NOT NULL,
        foto_perfil_url     VARCHAR2(512),
        estado              NUMBER(1)       DEFAULT 1 NOT NULL,
        fecha_creacion      TIMESTAMP       DEFAULT SYSTIMESTAMP NOT NULL,
        fecha_actualizacion TIMESTAMP       DEFAULT SYSTIMESTAMP NOT NULL,
        CONSTRAINT fk_perfiles_cuenta FOREIGN KEY (cuenta_id) REFERENCES cuentas (id) ON DELETE CASCADE,
        CONSTRAINT ck_perfiles_estado CHECK (estado IN (0,1))
    );

    CREATE TABLE facultades (
        id                  NUMBER GENERATED BY DEFAULT AS IDENTITY PRIMARY KEY,
        codigo              VARCHAR2(20)    NOT NULL UNIQUE,
        nombre              VARCHAR2(150)   NOT NULL,
        descripcion         VARCHAR2(4000),
        estado              NUMBER(1)       DEFAULT 1 NOT NULL,
        fecha_creacion      TIMESTAMP       DEFAULT SYSTIMESTAMP NOT NULL,
        fecha_actualizacion TIMESTAMP       DEFAULT SYSTIMESTAMP NOT NULL,
        CONSTRAINT ck_facultades_estado CHECK (estado IN (0,1))
    );

    CREATE INDEX idx_facultades_estado ON facultades (estado);

    CREATE TABLE carreras (
        id                  NUMBER GENERATED BY DEFAULT AS IDENTITY PRIMARY KEY,
        codigo              VARCHAR2(20)    NOT NULL UNIQUE,
        nombre              VARCHAR2(150)   NOT NULL,
        facultad_id         NUMBER          NOT NULL,
        descripcion         VARCHAR2(4000),
        estado              NUMBER(1)       DEFAULT 1 NOT NULL,
        fecha_creacion      TIMESTAMP       DEFAULT SYSTIMESTAMP NOT NULL,
        fecha_actualizacion TIMESTAMP       DEFAULT SYSTIMESTAMP NOT NULL,
        CONSTRAINT fk_carreras_facultad FOREIGN KEY (facultad_id) REFERENCES facultades (id) ON DELETE CASCADE,
        CONSTRAINT ck_carreras_estado CHECK (estado IN (0,1))
    );

    CREATE INDEX idx_carreras_estado   ON carreras (estado);
    CREATE INDEX idx_carreras_facultad ON carreras (facultad_id);

    CREATE TABLE perfiles_academicos (
        id                  NUMBER GENERATED BY DEFAULT AS IDENTITY PRIMARY KEY,
        perfil_id           NUMBER          NOT NULL UNIQUE,
        carrera_id          NUMBER          NOT NULL,
        fecha_creacion      TIMESTAMP       DEFAULT SYSTIMESTAMP NOT NULL,
        fecha_actualizacion TIMESTAMP       DEFAULT SYSTIMESTAMP NOT NULL,
        CONSTRAINT fk_acad_perfil FOREIGN KEY (perfil_id) REFERENCES perfiles (id) ON DELETE CASCADE,
        CONSTRAINT fk_acad_carrera FOREIGN KEY (carrera_id) REFERENCES carreras (id) ON DELETE CASCADE
    );

    CREATE INDEX idx_perf_acad_carrera ON perfiles_academicos (carrera_id);

    CREATE TABLE facultad_directores (
        id                  NUMBER GENERATED BY DEFAULT AS IDENTITY PRIMARY KEY,
        facultad_id         NUMBER          NOT NULL,
        perfil_id           NUMBER          NOT NULL,
        fecha_inicio        TIMESTAMP       NOT NULL,
        fecha_fin           TIMESTAMP,
        estado              NUMBER(1)       DEFAULT 1 NOT NULL,
        fecha_creacion      TIMESTAMP       DEFAULT SYSTIMESTAMP NOT NULL,
        fecha_actualizacion TIMESTAMP       DEFAULT SYSTIMESTAMP NOT NULL,
        CONSTRAINT uq_facultad_director UNIQUE (facultad_id, perfil_id, fecha_inicio),
        CONSTRAINT ck_facultad_director_fechas CHECK (fecha_fin IS NULL OR fecha_fin > fecha_inicio),
        CONSTRAINT fk_facdir_facultad FOREIGN KEY (facultad_id) REFERENCES facultades (id) ON DELETE CASCADE,
        CONSTRAINT fk_facdir_perfil FOREIGN KEY (perfil_id) REFERENCES perfiles (id),
        CONSTRAINT ck_facultad_directores_estado CHECK (estado IN (0,1))
    );

    CREATE INDEX idx_facdir_facultad ON facultad_directores (facultad_id);
    CREATE INDEX idx_facdir_perfil   ON facultad_directores (perfil_id);

    CREATE TABLE cat_estado_aprobacion (
        codigo VARCHAR2(20) PRIMARY KEY,
        descripcion VARCHAR2(100) NOT NULL
    );

    CREATE TABLE cat_estado_solicitud (
        codigo VARCHAR2(20) PRIMARY KEY,
        descripcion VARCHAR2(100) NOT NULL
    );

    CREATE TABLE cat_estado_sesion (
        codigo VARCHAR2(20) PRIMARY KEY,
        descripcion VARCHAR2(100) NOT NULL
    );

    CREATE TABLE roles (
        id                  NUMBER GENERATED BY DEFAULT AS IDENTITY PRIMARY KEY,
        nombre              VARCHAR2(50)    NOT NULL UNIQUE,
        descripcion         VARCHAR2(4000),
        estado              NUMBER(1)       DEFAULT 1 NOT NULL,
        fecha_creacion      TIMESTAMP       DEFAULT SYSTIMESTAMP NOT NULL,
        fecha_actualizacion TIMESTAMP       DEFAULT SYSTIMESTAMP NOT NULL,
        CONSTRAINT ck_roles_estado CHECK (estado IN (0,1))
    );

    CREATE INDEX idx_roles_estado ON roles (estado);

    CREATE TABLE estudiantes (
        id                  NUMBER GENERATED BY DEFAULT AS IDENTITY PRIMARY KEY,
        academico_id        NUMBER          NOT NULL UNIQUE,
        semestre            NUMBER(2)       NOT NULL,
        estado              NUMBER(1)       DEFAULT 1 NOT NULL,
        fecha_creacion      TIMESTAMP       DEFAULT SYSTIMESTAMP NOT NULL,
        fecha_actualizacion TIMESTAMP       DEFAULT SYSTIMESTAMP NOT NULL,
        CONSTRAINT ck_estudiantes_semestre CHECK (semestre BETWEEN 1 AND 12),
        CONSTRAINT fk_estud_academico FOREIGN KEY (academico_id) REFERENCES perfiles_academicos (id) ON DELETE CASCADE,
        CONSTRAINT ck_estudiantes_estado CHECK (estado IN (0,1))
    );



    CREATE TABLE mentores (
        id                  NUMBER GENERATED BY DEFAULT AS IDENTITY PRIMARY KEY,
        academico_id        NUMBER          NOT NULL UNIQUE,
        biografia           VARCHAR2(4000),
        experiencia         VARCHAR2(4000),
        estado_aprobacion   VARCHAR2(20)    DEFAULT 'pendiente' NOT NULL,
        aprobado_por        NUMBER,
        fecha_aprobacion    TIMESTAMP,
        observaciones_admin VARCHAR2(4000),
        estado              NUMBER(1)       DEFAULT 1 NOT NULL,
        fecha_creacion      TIMESTAMP       DEFAULT SYSTIMESTAMP NOT NULL,
        fecha_actualizacion TIMESTAMP       DEFAULT SYSTIMESTAMP NOT NULL,
        CONSTRAINT fk_mentores_estado_aprob FOREIGN KEY (estado_aprobacion) REFERENCES cat_estado_aprobacion (codigo),
        CONSTRAINT fk_mentores_academico FOREIGN KEY (academico_id) REFERENCES perfiles_academicos (id) ON DELETE CASCADE,
        CONSTRAINT fk_mentores_aprobador FOREIGN KEY (aprobado_por) REFERENCES cuentas (id) ON DELETE SET NULL,
        CONSTRAINT ck_mentores_estado CHECK (estado IN (0,1)),
        CONSTRAINT ck_mentor_aprobacion_completa CHECK (
            estado_aprobacion != 'aprobado'
            OR (aprobado_por IS NOT NULL AND fecha_aprobacion IS NOT NULL)
        )
    );


    CREATE INDEX idx_mentores_aprobado_por ON mentores (aprobado_por);

    CREATE TABLE cuenta_roles (
        id                  NUMBER GENERATED BY DEFAULT AS IDENTITY PRIMARY KEY,
        cuenta_id           NUMBER          NOT NULL,
        rol_id              NUMBER          NOT NULL,
        asignado_por        NUMBER,
        estado              NUMBER(1)       DEFAULT 1 NOT NULL,
        fecha_creacion      TIMESTAMP       DEFAULT SYSTIMESTAMP NOT NULL,
        fecha_actualizacion TIMESTAMP       DEFAULT SYSTIMESTAMP NOT NULL,
        CONSTRAINT uq_cuenta_roles UNIQUE (cuenta_id, rol_id),
        CONSTRAINT fk_cuenta_roles_cuenta FOREIGN KEY (cuenta_id) REFERENCES cuentas (id) ON DELETE CASCADE,
        CONSTRAINT fk_cuenta_roles_rol FOREIGN KEY (rol_id) REFERENCES roles (id) ON DELETE CASCADE,
        CONSTRAINT fk_cuenta_roles_asignador FOREIGN KEY (asignado_por) REFERENCES cuentas (id) ON DELETE SET NULL,
        CONSTRAINT ck_cuenta_roles_estado CHECK (estado IN (0,1))
    );

    CREATE INDEX idx_cuenta_roles_rol ON cuenta_roles (rol_id);

    CREATE TABLE materias (
        id                  NUMBER GENERATED BY DEFAULT AS IDENTITY PRIMARY KEY,
        codigo              VARCHAR2(20)    NOT NULL UNIQUE,
        nombre              VARCHAR2(150)   NOT NULL,
        descripcion         VARCHAR2(4000),
        nivel               NUMBER(2)       NOT NULL,
        creditos            NUMBER(2),
        estado              NUMBER(1)       DEFAULT 1 NOT NULL,
        fecha_creacion      TIMESTAMP       DEFAULT SYSTIMESTAMP NOT NULL,
        fecha_actualizacion TIMESTAMP       DEFAULT SYSTIMESTAMP NOT NULL,
        CONSTRAINT ck_materias_nivel CHECK (nivel BETWEEN 1 AND 12),
        CONSTRAINT ck_materias_creditos CHECK (creditos > 0),
        CONSTRAINT ck_materias_estado CHECK (estado IN (0,1))
    );

    CREATE INDEX idx_materias_nivel ON materias (nivel);

    CREATE TABLE carrera_materias (
        id                  NUMBER GENERATED BY DEFAULT AS IDENTITY PRIMARY KEY,
        carrera_id          NUMBER          NOT NULL,
        materia_id          NUMBER          NOT NULL,
        estado              NUMBER(1)       DEFAULT 1 NOT NULL,
        fecha_creacion      TIMESTAMP       DEFAULT SYSTIMESTAMP NOT NULL,
        CONSTRAINT uq_carrera_materia UNIQUE (carrera_id, materia_id),
        CONSTRAINT fk_carmat_carrera FOREIGN KEY (carrera_id) REFERENCES carreras (id) ON DELETE CASCADE,
        CONSTRAINT fk_carmat_materia FOREIGN KEY (materia_id) REFERENCES materias (id) ON DELETE CASCADE,
        CONSTRAINT ck_carrera_materias_estado CHECK (estado IN (0,1))
    );

    CREATE INDEX idx_carmat_carrera ON carrera_materias (carrera_id);
    CREATE INDEX idx_carmat_materia ON carrera_materias (materia_id);

    CREATE TABLE mentor_especialidades (
        id                  NUMBER GENERATED BY DEFAULT AS IDENTITY PRIMARY KEY,
        mentor_id           NUMBER          NOT NULL,
        materia_id          NUMBER          NOT NULL,
        nivel_dominio       NUMBER(2)       DEFAULT 3 NOT NULL,
        descripcion         VARCHAR2(4000),
        estado              NUMBER(1)       DEFAULT 1 NOT NULL,
        fecha_creacion      TIMESTAMP       DEFAULT SYSTIMESTAMP NOT NULL,
        fecha_actualizacion TIMESTAMP       DEFAULT SYSTIMESTAMP NOT NULL,
        CONSTRAINT uq_mentor_especialidad UNIQUE (mentor_id, materia_id),
        CONSTRAINT ck_mentor_dominio CHECK (nivel_dominio BETWEEN 1 AND 5),
        CONSTRAINT fk_especialidad_mentor FOREIGN KEY (mentor_id) REFERENCES mentores (id) ON DELETE CASCADE,
        CONSTRAINT fk_especialidad_materia FOREIGN KEY (materia_id) REFERENCES materias (id) ON DELETE CASCADE,
        CONSTRAINT ck_mentor_especialidade_estado CHECK (estado IN (0,1))
    );

    CREATE INDEX idx_mentor_esp_mentor ON mentor_especialidades (mentor_id);
    CREATE INDEX idx_mentor_esp_mat    ON mentor_especialidades (materia_id);
    CREATE INDEX idx_mentor_esp_compuesto ON mentor_especialidades (mentor_id, materia_id, estado);

    -- Disponibilidad de horarios del mentor. Horas almacenadas como minutos del día (0-1439)
    -- para evitar problemas de comparación lexicográfica con strings VARCHAR2.
    -- Ejemplo: 14:30 = 870 (14*60+30), 09:00 = 540 (9*60)
    CREATE TABLE cat_dias (
        id NUMBER PRIMARY KEY,
        nombre VARCHAR2(20) NOT NULL UNIQUE
    );

    CREATE TABLE disponibilidad_mentor (
        id                  NUMBER GENERATED BY DEFAULT AS IDENTITY PRIMARY KEY,
        mentor_id           NUMBER          NOT NULL,
        dia_id              NUMBER          NOT NULL,
        hora_inicio_min     NUMBER(4)       NOT NULL,
        hora_fin_min        NUMBER(4)       NOT NULL,
        activo              NUMBER(1)       DEFAULT 1 NOT NULL,
        estado              NUMBER(1)       DEFAULT 1 NOT NULL,
        fecha_creacion      TIMESTAMP       DEFAULT SYSTIMESTAMP NOT NULL,
        fecha_actualizacion TIMESTAMP       DEFAULT SYSTIMESTAMP NOT NULL,
        CONSTRAINT uq_disponibilidad UNIQUE (mentor_id, dia_id, hora_inicio_min),
        CONSTRAINT ck_disp_hora_inicio CHECK (hora_inicio_min BETWEEN 0 AND 1439),
        CONSTRAINT ck_disp_hora_fin CHECK (hora_fin_min BETWEEN 0 AND 1439),
        CONSTRAINT ck_disponibilidad_rango CHECK (hora_fin_min > hora_inicio_min),
        CONSTRAINT ck_disp_duracion_minima CHECK (hora_fin_min - hora_inicio_min >= 30),
        CONSTRAINT fk_disp_dia FOREIGN KEY (dia_id) REFERENCES cat_dias(id),
        CONSTRAINT fk_disponibilidad_mentor FOREIGN KEY (mentor_id) REFERENCES mentores (id) ON DELETE CASCADE,
        CONSTRAINT ck_disponibilidad_mento_estado CHECK (estado IN (0,1))
    );

    CREATE INDEX idx_disponibilidad_mentor ON disponibilidad_mentor (mentor_id);

    CREATE TABLE solicitudes_mentoria (
        id                  NUMBER GENERATED BY DEFAULT AS IDENTITY PRIMARY KEY,
        estudiante_id       NUMBER          NOT NULL,
        mentor_id           NUMBER,
        materia_id          NUMBER          NOT NULL,
        descripcion         VARCHAR2(4000)  NOT NULL,
        fecha_hora_deseada  TIMESTAMP       NOT NULL,
        prioridad           VARCHAR2(20)    DEFAULT 'media' NOT NULL,
        estado_solicitud    VARCHAR2(20)    DEFAULT 'pendiente' NOT NULL,
        motivo_rechazo      VARCHAR2(4000),
        fecha_creacion      TIMESTAMP       DEFAULT SYSTIMESTAMP NOT NULL,
        fecha_actualizacion TIMESTAMP       DEFAULT SYSTIMESTAMP NOT NULL,
        CONSTRAINT ck_solicitud_prioridad CHECK (prioridad IN ('baja', 'media', 'alta')),
        CONSTRAINT fk_solicitudes_estado_sol FOREIGN KEY (estado_solicitud) REFERENCES cat_estado_solicitud (codigo),
        CONSTRAINT fk_solicitud_estudiante FOREIGN KEY (estudiante_id) REFERENCES estudiantes (id) ON DELETE CASCADE,
        CONSTRAINT fk_solicitud_mentor FOREIGN KEY (mentor_id) REFERENCES mentores (id) ON DELETE CASCADE,
        CONSTRAINT fk_solicitud_materia FOREIGN KEY (materia_id) REFERENCES materias (id) ON DELETE CASCADE
    );

    CREATE INDEX idx_solicitudes_estudiante ON solicitudes_mentoria (estudiante_id);
    CREATE INDEX idx_solicitudes_mentor     ON solicitudes_mentoria (mentor_id);
    CREATE INDEX idx_solicitudes_estado     ON solicitudes_mentoria (estado_solicitud);
    CREATE INDEX idx_solicitudes_fecha      ON solicitudes_mentoria (fecha_hora_deseada);
    CREATE INDEX idx_solicitudes_mentor_estado ON solicitudes_mentoria (mentor_id, estado_solicitud);

    CREATE TABLE sesiones_mentoria (
        id                  NUMBER GENERATED BY DEFAULT AS IDENTITY PRIMARY KEY,
        solicitud_id        NUMBER          NOT NULL UNIQUE,
        inicio              TIMESTAMP       NOT NULL,
        fin                 TIMESTAMP       NOT NULL,
        enlace_teams        VARCHAR2(4000),
        observaciones       VARCHAR2(4000),
        estado_sesion       VARCHAR2(20)    DEFAULT 'programada' NOT NULL,
        fecha_creacion      TIMESTAMP       DEFAULT SYSTIMESTAMP NOT NULL,
        fecha_actualizacion TIMESTAMP       DEFAULT SYSTIMESTAMP NOT NULL,
        CONSTRAINT ck_sesiones_rango CHECK (fin > inicio),
        CONSTRAINT fk_sesiones_estado_ses FOREIGN KEY (estado_sesion) REFERENCES cat_estado_sesion (codigo),
        CONSTRAINT fk_sesion_solicitud FOREIGN KEY (solicitud_id) REFERENCES solicitudes_mentoria (id) ON DELETE CASCADE
    )
    PARTITION BY RANGE (fecha_creacion)
    INTERVAL (NUMTOYMINTERVAL(1, 'MONTH'))
    (
    PARTITION p_init_sesiones VALUES LESS THAN (TIMESTAMP '2025-01-01 00:00:00')
    );


    CREATE INDEX idx_sesiones_estado    ON sesiones_mentoria (estado_sesion);
    CREATE INDEX idx_ses_sol_fechas     ON sesiones_mentoria (solicitud_id, inicio, fin, estado_sesion);

    -- CORRECCIÓN J: GENERATED ALWAYS AS VIRTUAL con NUMBER(3,2) y expresión aritmética de enteros.
    -- Oracle requiere que la expresión virtual sea exacta; se usa CAST para asegurar precisión.
    CREATE TABLE calificaciones (
        id                  NUMBER GENERATED BY DEFAULT AS IDENTITY PRIMARY KEY,
        sesion_id           NUMBER          NOT NULL UNIQUE,
        puntualidad         NUMBER(2)       NOT NULL,
        claridad            NUMBER(2)       NOT NULL,
        dominio_tema        NUMBER(2)       NOT NULL,
        puntaje_total       NUMBER(3,2)     GENERATED ALWAYS AS (ROUND((puntualidad + claridad + dominio_tema) / 3, 2)) VIRTUAL,
        comentario          VARCHAR2(4000),
        estado              NUMBER(1)       DEFAULT 1 NOT NULL,
        fecha_creacion      TIMESTAMP       DEFAULT SYSTIMESTAMP NOT NULL,
        fecha_actualizacion TIMESTAMP       DEFAULT SYSTIMESTAMP NOT NULL,
        CONSTRAINT ck_calif_puntualidad CHECK (puntualidad BETWEEN 1 AND 5),
        CONSTRAINT ck_calif_claridad CHECK (claridad BETWEEN 1 AND 5),
        CONSTRAINT ck_calif_dominio CHECK (dominio_tema BETWEEN 1 AND 5),
        CONSTRAINT fk_calificacion_sesion FOREIGN KEY (sesion_id) REFERENCES sesiones_mentoria (id) ON DELETE CASCADE,
        CONSTRAINT ck_calificaciones_estado CHECK (estado IN (0,1))
    );



    CREATE TABLE notificaciones (
        id                  NUMBER GENERATED BY DEFAULT AS IDENTITY PRIMARY KEY,
        cuenta_id           NUMBER          NOT NULL,
        tipo                VARCHAR2(20)    DEFAULT 'sistema' NOT NULL,
        titulo              VARCHAR2(200)   NOT NULL,
        mensaje             VARCHAR2(4000)  NOT NULL,
        leido               NUMBER(1)       DEFAULT 0 NOT NULL,
        solicitud_id        NUMBER,
        sesion_id           NUMBER,
        url_referencia      VARCHAR2(512),
        fecha_leido         TIMESTAMP,
        estado              NUMBER(1)       DEFAULT 1 NOT NULL,
        fecha_creacion      TIMESTAMP       DEFAULT SYSTIMESTAMP NOT NULL,
        fecha_actualizacion TIMESTAMP       DEFAULT SYSTIMESTAMP NOT NULL,
        CONSTRAINT ck_notificacion_tipo CHECK (tipo IN ('sistema', 'recordatorio', 'logro', 'noticia')),
        CONSTRAINT fk_notificaciones_cuenta FOREIGN KEY (cuenta_id) REFERENCES cuentas (id) ON DELETE CASCADE,
        CONSTRAINT fk_notif_solicitud FOREIGN KEY (solicitud_id) REFERENCES solicitudes_mentoria(id) ON DELETE CASCADE,
        CONSTRAINT fk_notif_sesion FOREIGN KEY (sesion_id) REFERENCES sesiones_mentoria(id) ON DELETE CASCADE,
        CONSTRAINT ck_notificaciones_estado CHECK (estado IN (0,1)),
        CONSTRAINT ck_notificaciones_leido CHECK (leido IN (0,1))
    );

    CREATE INDEX idx_notificaciones_usr   ON notificaciones (cuenta_id);
    CREATE INDEX idx_notificaciones_leido ON notificaciones (leido);
    CREATE INDEX idx_notificaciones_fecha ON notificaciones (fecha_creacion);
    CREATE INDEX idx_notif_cuenta_leido    ON notificaciones (cuenta_id, leido);

    CREATE TABLE tablas_sistema (
        id                  NUMBER GENERATED BY DEFAULT AS IDENTITY PRIMARY KEY,
        nombre              VARCHAR2(100)   NOT NULL UNIQUE,
        descripcion         VARCHAR2(4000),
        estado              NUMBER(1)       DEFAULT 1 NOT NULL,
        CONSTRAINT ck_tablas_sistema_estado CHECK (estado IN (0,1))
    );

    CREATE TABLE historial_cambios (
        id                  NUMBER GENERATED BY DEFAULT AS IDENTITY PRIMARY KEY,
        tabla_id            NUMBER          NOT NULL,
        registro_id         NUMBER          NOT NULL,
        accion              VARCHAR2(20)    NOT NULL,
        datos_anteriores    CLOB,
        datos_nuevos        CLOB,
        cuenta_id           NUMBER,
        ip_origen           VARCHAR2(45),
        descripcion         VARCHAR2(4000),
        db_user             VARCHAR2(128)   DEFAULT SYS_CONTEXT('USERENV', 'SESSION_USER') NOT NULL,
        detalles_json       CLOB,
        estado              NUMBER(1)       DEFAULT 1 NOT NULL,
        fecha_creacion      TIMESTAMP       DEFAULT SYSTIMESTAMP NOT NULL,
        CONSTRAINT ck_historial_accion CHECK (accion IN ('crear', 'actualizar', 'eliminar')),
        CONSTRAINT fk_historial_tabla FOREIGN KEY (tabla_id) REFERENCES tablas_sistema (id) ON DELETE CASCADE,
        CONSTRAINT fk_historial_cuenta FOREIGN KEY (cuenta_id) REFERENCES cuentas (id) ON DELETE SET NULL,
        CONSTRAINT ck_historial_cambios_estado CHECK (estado IN (0,1)),
        CONSTRAINT ck_historial_json CHECK (detalles_json IS JSON)
    )
    PARTITION BY RANGE (fecha_creacion)
    INTERVAL (NUMTOYMINTERVAL(1, 'MONTH'))
    (
    PARTITION p_init_historial VALUES LESS THAN (TIMESTAMP '2025-01-01 00:00:00')
    );

    CREATE INDEX idx_historial_fecha   ON historial_cambios (fecha_creacion);
    CREATE INDEX idx_hist_tabla        ON historial_cambios (tabla_id);
    CREATE INDEX idx_hist_cuenta       ON historial_cambios (cuenta_id);

    -- ====================================================================
    -- SECCIÓN 2: DML - INSERCIÓN DE DATOS
    -- ====================================================================

    INSERT INTO tablas_sistema (nombre) VALUES ('mentores');
    INSERT INTO tablas_sistema (nombre) VALUES ('solicitudes_mentoria');
    INSERT INTO tablas_sistema (nombre) VALUES ('sesiones_mentoria');
    INSERT INTO tablas_sistema (nombre) VALUES ('cuentas');
    INSERT INTO tablas_sistema (nombre) VALUES ('perfiles');

    INSERT INTO roles (nombre, descripcion) VALUES ('estudiante', 'Usuario que solicita mentorías académicas.');
    INSERT INTO roles (nombre, descripcion) VALUES ('mentor', 'Usuario que imparte mentorías académicas.');
    INSERT INTO roles (nombre, descripcion) VALUES ('administrador', 'Usuario con acceso total al sistema de gestión.');

    INSERT INTO cat_estado_aprobacion VALUES ('pendiente', 'Mentoría en revisión');
    INSERT INTO cat_estado_aprobacion VALUES ('aprobado', 'Mentor verificado y aprobado');
    INSERT INTO cat_estado_aprobacion VALUES ('rechazado', 'Mentor rechazado');

    INSERT INTO cat_estado_solicitud VALUES ('pendiente', 'Solicitud enviada, en espera');
    INSERT INTO cat_estado_solicitud VALUES ('aceptada', 'El mentor aceptó la solicitud');
    INSERT INTO cat_estado_solicitud VALUES ('rechazada', 'El mentor rechazó la solicitud');
    INSERT INTO cat_estado_solicitud VALUES ('cancelada', 'La solicitud fue cancelada por el estudiante');

    INSERT INTO cat_estado_sesion VALUES ('programada', 'La sesión ha sido agendada');
    INSERT INTO cat_estado_sesion VALUES ('en_curso', 'La sesión está ocurriendo');
    INSERT INTO cat_estado_sesion VALUES ('completada', 'La sesión finalizó con éxito');
    INSERT INTO cat_estado_sesion VALUES ('cancelada', 'La sesión fue cancelada');

    INSERT INTO cat_dias VALUES (1, 'lunes');
    INSERT INTO cat_dias VALUES (2, 'martes');
    INSERT INTO cat_dias VALUES (3, 'miercoles');
    INSERT INTO cat_dias VALUES (4, 'jueves');
    INSERT INTO cat_dias VALUES (5, 'viernes');
    INSERT INTO cat_dias VALUES (6, 'sabado');
    INSERT INTO cat_dias VALUES (7, 'domingo');

    INSERT INTO facultades (codigo, nombre, descripcion) VALUES ('FCI', 'Facultad de Ciencias Informáticas', 'Programas de Informática y Sistemas');
    INSERT INTO facultades (codigo, nombre, descripcion) VALUES ('FCE', 'Facultad de Ciencias Empresariales', 'Programas de Administración y Negocios');
    INSERT INTO facultades (codigo, nombre, descripcion) VALUES ('FCA', 'Facultad de Ciencias Agrarias', 'Programas de Ingeniería Agrícola');
    INSERT INTO facultades (codigo, nombre, descripcion) VALUES ('FCSJ', 'Facultad de Ciencias Sociales y Jurídicas', 'Programas de Derecho y Ciencias Sociales');
    INSERT INTO facultades (codigo, nombre, descripcion) VALUES ('FS', 'Facultad de Salud', 'Programas de Medicina y Ciencias de la Salud');
    INSERT INTO facultades (codigo, nombre, descripcion) VALUES ('FEC', 'Facultad de Educación Comercial', 'Programas de Educación y Comercio');

    INSERT INTO carreras (codigo, nombre, facultad_id, descripcion) VALUES ('IS001', 'Ingeniería en Sistemas', 1, 'Carrera de sistemas computacionales e informática');
    INSERT INTO carreras (codigo, nombre, facultad_id, descripcion) VALUES ('IS002', 'Ciencia de la Computación', 1, 'Formación en ciencias computacionales');
    INSERT INTO carreras (codigo, nombre, facultad_id, descripcion) VALUES ('AD001', 'Administración de Empresas', 2, 'Carrera de administración empresarial');
    INSERT INTO carreras (codigo, nombre, facultad_id, descripcion) VALUES ('CT001', 'Contabilidad', 2, 'Carrera en contabilidad y finanzas');
    INSERT INTO carreras (codigo, nombre, facultad_id, descripcion) VALUES ('IA001', 'Ingeniería Agrícola', 3, 'Carrera en ingeniería agrícola');
    INSERT INTO carreras (codigo, nombre, facultad_id, descripcion) VALUES ('DH001', 'Derecho', 4, 'Carrera en ciencias jurídicas');
    INSERT INTO carreras (codigo, nombre, facultad_id, descripcion) VALUES ('CS001', 'Ciencias Sociales', 4, 'Carrera en ciencias sociales');
    INSERT INTO carreras (codigo, nombre, facultad_id, descripcion) VALUES ('MD001', 'Medicina', 5, 'Carrera en medicina general');
    INSERT INTO carreras (codigo, nombre, facultad_id, descripcion) VALUES ('EC001', 'Educación Comercial', 6, 'Carrera en educación y comercio');

    INSERT INTO materias (codigo, nombre, descripcion, nivel, creditos) VALUES ('SIS101', 'Programación Básica', 'Fundamentos de programación en lenguajes de alto nivel', 1, 4);
    INSERT INTO materias (codigo, nombre, descripcion, nivel, creditos) VALUES ('SIS102', 'Matemáticas Discretas', 'Lógica, conjuntos, teoría de grafos', 1, 4);
    INSERT INTO materias (codigo, nombre, descripcion, nivel, creditos) VALUES ('SIS201', 'Estructuras de Datos', 'Arrays, listas, árboles, grafos', 2, 4);
    INSERT INTO materias (codigo, nombre, descripcion, nivel, creditos) VALUES ('SIS202', 'Bases de Datos', 'Diseño y modelado de bases de datos relacionales', 2, 4);
    INSERT INTO materias (codigo, nombre, descripcion, nivel, creditos) VALUES ('SIS301', 'Ingeniería de Software', 'Metodologías y procesos de desarrollo', 3, 4);
    INSERT INTO materias (codigo, nombre, descripcion, nivel, creditos) VALUES ('SIS302', 'Seguridad Informática', 'Principios de ciberseguridad', 3, 4);
    INSERT INTO materias (codigo, nombre, descripcion, nivel, creditos) VALUES ('ADM101', 'Introducción a la Administración', 'Principios básicos de administración', 1, 3);
    INSERT INTO materias (codigo, nombre, descripcion, nivel, creditos) VALUES ('ADM102', 'Contabilidad Básica', 'Fundamentos de contabilidad', 1, 4);
    INSERT INTO materias (codigo, nombre, descripcion, nivel, creditos) VALUES ('ADM201', 'Gestión Financiera', 'Administración de finanzas empresariales', 2, 4);
    INSERT INTO materias (codigo, nombre, descripcion, nivel, creditos) VALUES ('ADM202', 'Recursos Humanos', 'Gestión de talento humano', 2, 3);
    INSERT INTO materias (codigo, nombre, descripcion, nivel, creditos) VALUES ('MED101', 'Anatomía Humana', 'Estructura del cuerpo humano', 1, 5);
    INSERT INTO materias (codigo, nombre, descripcion, nivel, creditos) VALUES ('MED102', 'Fisiología', 'Funcionamiento de sistemas corporales', 1, 4);
    INSERT INTO materias (codigo, nombre, descripcion, nivel, creditos) VALUES ('MED201', 'Patología', 'Estudio de enfermedades', 2, 4);
    INSERT INTO materias (codigo, nombre, descripcion, nivel, creditos) VALUES ('MED202', 'Farmacología', 'Efectos de medicamentos', 2, 4);

    INSERT INTO carrera_materias (carrera_id, materia_id) VALUES (1, 1);
    INSERT INTO carrera_materias (carrera_id, materia_id) VALUES (1, 2);
    INSERT INTO carrera_materias (carrera_id, materia_id) VALUES (1, 3);
    INSERT INTO carrera_materias (carrera_id, materia_id) VALUES (1, 4);
    INSERT INTO carrera_materias (carrera_id, materia_id) VALUES (1, 5);
    INSERT INTO carrera_materias (carrera_id, materia_id) VALUES (1, 6);
    INSERT INTO carrera_materias (carrera_id, materia_id) VALUES (3, 7);
    INSERT INTO carrera_materias (carrera_id, materia_id) VALUES (3, 8);
    INSERT INTO carrera_materias (carrera_id, materia_id) VALUES (3, 9);
    INSERT INTO carrera_materias (carrera_id, materia_id) VALUES (3, 10);
    INSERT INTO carrera_materias (carrera_id, materia_id) VALUES (8, 11);
    INSERT INTO carrera_materias (carrera_id, materia_id) VALUES (8, 12);
    INSERT INTO carrera_materias (carrera_id, materia_id) VALUES (8, 13);
    INSERT INTO carrera_materias (carrera_id, materia_id) VALUES (8, 14);

    -- CORRECCIÓN D: password_hash VARCHAR2(500) suficiente para Argon2id
    INSERT INTO cuentas (correo, password_hash) VALUES ('juan.garcia@utmachala.edu.ec', '$argon2id$v=19$m=65536,t=3,p=4$qN+x/HhZgL3xR$j/yHl7pM4H/B+W5XkM2N0V');
    INSERT INTO cuentas (correo, password_hash) VALUES ('maria.lopez@utmachala.edu.ec', '$argon2id$v=19$m=65536,t=3,p=4$qN+x/HhZgL3xR$j/yHl7pM4H/B+W5XkM2N0V');
    INSERT INTO cuentas (correo, password_hash) VALUES ('carlos.rodriguez@utmachala.edu.ec', '$argon2id$v=19$m=65536,t=3,p=4$qN+x/HhZgL3xR$j/yHl7pM4H/B+W5XkM2N0V');
    INSERT INTO cuentas (correo, password_hash) VALUES ('ana.martinez@utmachala.edu.ec', '$argon2id$v=19$m=65536,t=3,p=4$qN+x/HhZgL3xR$j/yHl7pM4H/B+W5XkM2N0V');
    INSERT INTO cuentas (correo, password_hash) VALUES ('luis.fernandez@utmachala.edu.ec', '$argon2id$v=19$m=65536,t=3,p=4$qN+x/HhZgL3xR$j/yHl7pM4H/B+W5XkM2N0V');
    INSERT INTO cuentas (correo, password_hash) VALUES ('pedro.jimenez@utmachala.edu.ec', '$argon2id$v=19$m=65536,t=3,p=4$qN+x/HhZgL3xR$j/yHl7pM4H/B+W5XkM2N0V');
    INSERT INTO cuentas (correo, password_hash) VALUES ('sofia.gutierrez@utmachala.edu.ec', '$argon2id$v=19$m=65536,t=3,p=4$qN+x/HhZgL3xR$j/yHl7pM4H/B+W5XkM2N0V');
    INSERT INTO cuentas (correo, password_hash) VALUES ('roberto.castillo@utmachala.edu.ec', '$argon2id$v=19$m=65536,t=3,p=4$qN+x/HhZgL3xR$j/yHl7pM4H/B+W5XkM2N0V');
    INSERT INTO cuentas (correo, password_hash) VALUES ('admin.sistema@utmachala.edu.ec', '$argon2id$v=19$m=65536,t=3,p=4$qN+x/HhZgL3xR$j/yHl7pM4H/B+W5XkM2N0V');

    -- IDs 1-9 generados en orden; perfiles los referencia directamente
    INSERT INTO perfiles (cuenta_id, codigo_institucional, nombres, apellidos) VALUES (1, 'EST001', 'Juan', 'García');
    INSERT INTO perfiles (cuenta_id, codigo_institucional, nombres, apellidos) VALUES (2, 'EST002', 'María', 'López');
    INSERT INTO perfiles (cuenta_id, codigo_institucional, nombres, apellidos) VALUES (3, 'EST003', 'Carlos', 'Rodríguez');
    INSERT INTO perfiles (cuenta_id, codigo_institucional, nombres, apellidos) VALUES (4, 'EST004', 'Ana', 'Martínez');
    INSERT INTO perfiles (cuenta_id, codigo_institucional, nombres, apellidos) VALUES (5, 'EST005', 'Luis', 'Fernández');
    INSERT INTO perfiles (cuenta_id, codigo_institucional, nombres, apellidos) VALUES (6, 'MNT001', 'Pedro', 'Jiménez');
    INSERT INTO perfiles (cuenta_id, codigo_institucional, nombres, apellidos) VALUES (7, 'MNT002', 'Sofía', 'Gutiérrez');
    INSERT INTO perfiles (cuenta_id, codigo_institucional, nombres, apellidos) VALUES (8, 'MNT003', 'Roberto', 'Castillo');
    -- CORRECCIÓN C: perfil_id 9 (admin) también debe existir en perfiles antes de facultad_directores
    INSERT INTO perfiles (cuenta_id, codigo_institucional, nombres, apellidos) VALUES (9, 'ADM001', 'Administrador', 'Sistema');

    INSERT INTO perfiles_academicos (perfil_id, carrera_id) VALUES (1, 1);
    INSERT INTO perfiles_academicos (perfil_id, carrera_id) VALUES (2, 1);
    INSERT INTO perfiles_academicos (perfil_id, carrera_id) VALUES (3, 3);
    INSERT INTO perfiles_academicos (perfil_id, carrera_id) VALUES (4, 8);
    INSERT INTO perfiles_academicos (perfil_id, carrera_id) VALUES (5, 3);
    INSERT INTO perfiles_academicos (perfil_id, carrera_id) VALUES (6, 1);
    INSERT INTO perfiles_academicos (perfil_id, carrera_id) VALUES (7, 1);
    INSERT INTO perfiles_academicos (perfil_id, carrera_id) VALUES (8, 3);

    -- CORRECCIÓN C: perfil_id 9 existe (insertado arriba); la FK fk_facdir_perfil se satisface
    INSERT INTO facultad_directores (facultad_id, perfil_id, fecha_inicio) VALUES (1, 9, CAST(TRUNC(SYSDATE) AS TIMESTAMP) - INTERVAL '365' DAY(3));

    INSERT INTO estudiantes (academico_id, semestre) VALUES (1, 3);
    INSERT INTO estudiantes (academico_id, semestre) VALUES (2, 2);
    INSERT INTO estudiantes (academico_id, semestre) VALUES (3, 4);
    INSERT INTO estudiantes (academico_id, semestre) VALUES (4, 5);
    INSERT INTO estudiantes (academico_id, semestre) VALUES (5, 2);

    INSERT INTO cuenta_roles (cuenta_id, rol_id, asignado_por) VALUES (1, 1, NULL);
    INSERT INTO cuenta_roles (cuenta_id, rol_id, asignado_por) VALUES (2, 1, NULL);
    INSERT INTO cuenta_roles (cuenta_id, rol_id, asignado_por) VALUES (3, 1, NULL);
    INSERT INTO cuenta_roles (cuenta_id, rol_id, asignado_por) VALUES (4, 1, NULL);
    INSERT INTO cuenta_roles (cuenta_id, rol_id, asignado_por) VALUES (5, 1, NULL);
    INSERT INTO cuenta_roles (cuenta_id, rol_id, asignado_por) VALUES (6, 2, 9);
    INSERT INTO cuenta_roles (cuenta_id, rol_id, asignado_por) VALUES (7, 2, 9);
    INSERT INTO cuenta_roles (cuenta_id, rol_id, asignado_por) VALUES (8, 2, 9);
    INSERT INTO cuenta_roles (cuenta_id, rol_id, asignado_por) VALUES (9, 3, NULL);

    INSERT INTO mentores (academico_id, biografia, experiencia, estado_aprobacion, aprobado_por, fecha_aprobacion) VALUES (6, 'Especialista en programación web y bases de datos', 'Tutor por 2 años en programación', 'aprobado', 9, SYSTIMESTAMP);
    INSERT INTO mentores (academico_id, biografia, experiencia, estado_aprobacion, aprobado_por, fecha_aprobacion) VALUES (7, 'Experta en estructuras de datos y algoritmos', 'Mentora desde hace 1.5 años', 'aprobado', 9, SYSTIMESTAMP);
    INSERT INTO mentores (academico_id, biografia, experiencia, estado_aprobacion, aprobado_por, fecha_aprobacion) VALUES (8, 'Especialista en administración empresarial y gestión', 'Asesor empresarial con 3 años de experiencia', 'aprobado', 9, SYSTIMESTAMP);

    INSERT INTO mentor_especialidades (mentor_id, materia_id, nivel_dominio) VALUES (1, 1, 5);
    INSERT INTO mentor_especialidades (mentor_id, materia_id, nivel_dominio) VALUES (1, 4, 5);
    INSERT INTO mentor_especialidades (mentor_id, materia_id, nivel_dominio) VALUES (1, 5, 4);
    INSERT INTO mentor_especialidades (mentor_id, materia_id, nivel_dominio) VALUES (2, 2, 5);
    INSERT INTO mentor_especialidades (mentor_id, materia_id, nivel_dominio) VALUES (2, 3, 5);
    INSERT INTO mentor_especialidades (mentor_id, materia_id, nivel_dominio) VALUES (2, 6, 4);
    INSERT INTO mentor_especialidades (mentor_id, materia_id, nivel_dominio) VALUES (3, 8, 5);
    INSERT INTO mentor_especialidades (mentor_id, materia_id, nivel_dominio) VALUES (3, 9, 4);
    INSERT INTO mentor_especialidades (mentor_id, materia_id, nivel_dominio) VALUES (3, 10, 4);

    -- CORRECCIÓN A: paréntesis y comillas de cierre faltantes en disponibilidad_mentor
    -- CORRECCIÓN V5: convertidos a minutos del día (NUMBER(4))
    INSERT INTO disponibilidad_mentor (mentor_id, dia_id, hora_inicio_min, hora_fin_min) VALUES (1, 1, 840, 960);
    INSERT INTO disponibilidad_mentor (mentor_id, dia_id, hora_inicio_min, hora_fin_min) VALUES (1, 3, 900, 1020);
    INSERT INTO disponibilidad_mentor (mentor_id, dia_id, hora_inicio_min, hora_fin_min) VALUES (1, 5, 840, 990);
    INSERT INTO disponibilidad_mentor (mentor_id, dia_id, hora_inicio_min, hora_fin_min) VALUES (2, 2, 600, 720);
    INSERT INTO disponibilidad_mentor (mentor_id, dia_id, hora_inicio_min, hora_fin_min) VALUES (2, 4, 960, 1080);
    INSERT INTO disponibilidad_mentor (mentor_id, dia_id, hora_inicio_min, hora_fin_min) VALUES (2, 6, 540, 660);
    INSERT INTO disponibilidad_mentor (mentor_id, dia_id, hora_inicio_min, hora_fin_min) VALUES (3, 1, 540, 660);
    INSERT INTO disponibilidad_mentor (mentor_id, dia_id, hora_inicio_min, hora_fin_min) VALUES (3, 3, 600, 720);
    INSERT INTO disponibilidad_mentor (mentor_id, dia_id, hora_inicio_min, hora_fin_min) VALUES (3, 5, 900, 1020);

    -- CORRECCIÓN B: suma de TIMESTAMP con string literal no es válida en Oracle.
    -- Se reemplaza + 'HH:MM' por + NUMTODSINTERVAL(H*60+M, 'MINUTE')
    INSERT INTO solicitudes_mentoria (estudiante_id, mentor_id, materia_id, descripcion, fecha_hora_deseada, prioridad, estado_solicitud)
        VALUES (1, 1, 1, 'Necesito ayuda con conceptos de programación orientada a objetos',
                CAST(TRUNC(SYSDATE) AS TIMESTAMP) + INTERVAL '3' DAY + NUMTODSINTERVAL(14*60+30, 'MINUTE'),
                'media', 'aceptada');

    INSERT INTO solicitudes_mentoria (estudiante_id, mentor_id, materia_id, descripcion, fecha_hora_deseada, prioridad, estado_solicitud)
        VALUES (2, 2, 2, 'Dificultad con lógica proposicional y conjuntos',
                CAST(TRUNC(SYSDATE) AS TIMESTAMP) + INTERVAL '5' DAY + NUMTODSINTERVAL(10*60+30, 'MINUTE'),
                'alta', 'aceptada');

    INSERT INTO solicitudes_mentoria (estudiante_id, mentor_id, materia_id, descripcion, fecha_hora_deseada, prioridad, estado_solicitud)
        VALUES (3, 3, 8, 'Necesito entender asientos contables y deudores',
                CAST(TRUNC(SYSDATE) AS TIMESTAMP) + INTERVAL '2' DAY + NUMTODSINTERVAL(9*60+30, 'MINUTE'),
                'media', 'aceptada');

    INSERT INTO solicitudes_mentoria (estudiante_id, mentor_id, materia_id, descripcion, fecha_hora_deseada, prioridad, estado_solicitud)
        VALUES (5, 3, 9, 'Requiero asesoría en análisis financiero',
                CAST(TRUNC(SYSDATE) AS TIMESTAMP) + INTERVAL '4' DAY + NUMTODSINTERVAL(10*60, 'MINUTE'),
                'baja', 'aceptada');

    INSERT INTO solicitudes_mentoria (estudiante_id, mentor_id, materia_id, descripcion, fecha_hora_deseada, prioridad, estado_solicitud)
        VALUES (1, 2, 3, 'Ayuda con árboles binarios de búsqueda',
                CAST(TRUNC(SYSDATE) AS TIMESTAMP) + INTERVAL '7' DAY + NUMTODSINTERVAL(11*60, 'MINUTE'),
                'media', 'aceptada');

    INSERT INTO solicitudes_mentoria (estudiante_id, mentor_id, materia_id, descripcion, fecha_hora_deseada, prioridad, estado_solicitud)
        VALUES (1, 1, 4, 'Consulta sobre normalización de bases de datos',
                CAST(TRUNC(SYSDATE) AS TIMESTAMP) + INTERVAL '6' DAY + NUMTODSINTERVAL(15*60, 'MINUTE'),
                'alta', 'aceptada');

    -- CORRECCIÓN B: sesiones_mentoria igualmente afectadas por + 'HH:MM'
    INSERT INTO sesiones_mentoria (solicitud_id, inicio, fin, enlace_teams, observaciones, estado_sesion)
        VALUES (1,
                CAST(TRUNC(SYSDATE) AS TIMESTAMP) - INTERVAL '3' DAY + NUMTODSINTERVAL(14*60+30, 'MINUTE'),
                CAST(TRUNC(SYSDATE) AS TIMESTAMP) - INTERVAL '3' DAY + NUMTODSINTERVAL(15*60+30, 'MINUTE'),
                'https://teams.microsoft.com/l/meetup-join/mentoria-001',
                'Sesión sobre OOP bien estructurada', 'completada');

    INSERT INTO sesiones_mentoria (solicitud_id, inicio, fin, enlace_teams, observaciones, estado_sesion)
        VALUES (2,
                CAST(TRUNC(SYSDATE) AS TIMESTAMP) - INTERVAL '5' DAY + NUMTODSINTERVAL(10*60+30, 'MINUTE'),
                CAST(TRUNC(SYSDATE) AS TIMESTAMP) - INTERVAL '5' DAY + NUMTODSINTERVAL(11*60+30, 'MINUTE'),
                'https://teams.microsoft.com/l/meetup-join/mentoria-002',
                'Repaso de lógica proposicional', 'completada');

    INSERT INTO sesiones_mentoria (solicitud_id, inicio, fin, enlace_teams, observaciones, estado_sesion)
        VALUES (3,
                CAST(TRUNC(SYSDATE) AS TIMESTAMP) - INTERVAL '2' DAY + NUMTODSINTERVAL(9*60+30, 'MINUTE'),
                CAST(TRUNC(SYSDATE) AS TIMESTAMP) - INTERVAL '2' DAY + NUMTODSINTERVAL(10*60+30, 'MINUTE'),
                'https://teams.microsoft.com/l/meetup-join/mentoria-003',
                'Explicación de asientos contables', 'completada');

    INSERT INTO sesiones_mentoria (solicitud_id, inicio, fin, enlace_teams, observaciones, estado_sesion)
        VALUES (4,
                CAST(TRUNC(SYSDATE) AS TIMESTAMP) - INTERVAL '4' DAY + NUMTODSINTERVAL(10*60, 'MINUTE'),
                CAST(TRUNC(SYSDATE) AS TIMESTAMP) - INTERVAL '4' DAY + NUMTODSINTERVAL(11*60, 'MINUTE'),
                'https://teams.microsoft.com/l/meetup-join/mentoria-004',
                'Análisis de ratios financieros', 'completada');

    INSERT INTO sesiones_mentoria (solicitud_id, inicio, fin, enlace_teams, observaciones, estado_sesion)
        VALUES (5,
                CAST(TRUNC(SYSDATE) AS TIMESTAMP) + INTERVAL '7' DAY + NUMTODSINTERVAL(11*60, 'MINUTE'),
                CAST(TRUNC(SYSDATE) AS TIMESTAMP) + INTERVAL '7' DAY + NUMTODSINTERVAL(12*60, 'MINUTE'),
                'https://teams.microsoft.com/l/meetup-join/mentoria-005',
                NULL, 'programada');

    INSERT INTO calificaciones (sesion_id, puntualidad, claridad, dominio_tema, comentario) VALUES (1, 5, 5, 4, 'Excelente explicación, muy claro y puntual. Resolvió todas mis dudas.');
    INSERT INTO calificaciones (sesion_id, puntualidad, claridad, dominio_tema, comentario) VALUES (2, 4, 5, 5, 'Mentor muy profesional, dominio total del tema.');
    INSERT INTO calificaciones (sesion_id, puntualidad, claridad, dominio_tema, comentario) VALUES (3, 5, 4, 5, 'Muy buena sesión, conceptos bien explicados.');
    INSERT INTO calificaciones (sesion_id, puntualidad, claridad, dominio_tema, comentario) VALUES (4, 4, 4, 4, 'Sesión productiva, ayudó bastante con los ratios.');

    INSERT INTO notificaciones (cuenta_id, tipo, titulo, mensaje, leido) VALUES (1, 'sistema',      'Solicitud Aceptada',       'Tu solicitud de mentoría en Programación Básica ha sido aceptada',        1);
    INSERT INTO notificaciones (cuenta_id, tipo, titulo, mensaje, leido) VALUES (2, 'sistema',      'Solicitud Aceptada',       'Tu solicitud de mentoría en Matemáticas Discretas ha sido aceptada',      1);
    INSERT INTO notificaciones (cuenta_id, tipo, titulo, mensaje, leido) VALUES (3, 'sistema',      'Solicitud Aceptada',       'Tu solicitud de mentoría en Contabilidad Básica ha sido aceptada',        1);
    INSERT INTO notificaciones (cuenta_id, tipo, titulo, mensaje, leido) VALUES (1, 'recordatorio', 'Próxima Sesión',            'Recuerda tu sesión de mentoría hoy a las 14:30',                          0);
    INSERT INTO notificaciones (cuenta_id, tipo, titulo, mensaje, leido) VALUES (5, 'sistema',      'Solicitud Pendiente',       'Tu solicitud de mentoría en Gestión Financiera está siendo revisada',     1);
    INSERT INTO notificaciones (cuenta_id, tipo, titulo, mensaje, leido) VALUES (6, 'logro',        'Mentor Activo',             'Felicidades, completaste 4 sesiones de mentoría exitosas',                0);
    INSERT INTO notificaciones (cuenta_id, tipo, titulo, mensaje, leido) VALUES (7, 'noticia',      'Actualización del Sistema', 'Se ha actualizado la plataforma con nuevas funcionalidades',               0);

    INSERT INTO historial_cambios (tabla_id, registro_id, accion, cuenta_id, descripcion) VALUES (1, 1, 'crear',     9,    'Mentor Pedro Jiménez aprobado por el administrador');
    INSERT INTO historial_cambios (tabla_id, registro_id, accion, cuenta_id, descripcion) VALUES (1, 2, 'crear',     9,    'Mentor Sofía Gutiérrez aprobada por el administrador');
    INSERT INTO historial_cambios (tabla_id, registro_id, accion, cuenta_id, descripcion) VALUES (1, 3, 'crear',     9,    'Mentor Roberto Castillo aprobado por el administrador');
    INSERT INTO historial_cambios (tabla_id, registro_id, accion, cuenta_id, descripcion) VALUES (2, 1, 'crear',     1,    'Solicitud de mentoría en Programación Básica');
    INSERT INTO historial_cambios (tabla_id, registro_id, accion, cuenta_id, descripcion) VALUES (2, 1, 'actualizar',9,    'Solicitud aprobada por el administrador');
    INSERT INTO historial_cambios (tabla_id, registro_id, accion, cuenta_id, descripcion) VALUES (3, 1, 'crear',     NULL, 'Sesión programada para mentoría');
    INSERT INTO historial_cambios (tabla_id, registro_id, accion, cuenta_id, descripcion) VALUES (3, 1, 'actualizar',NULL, 'Sesión completada');

    -- ====================================================================
    -- SECCIÓN 3: TRIGGERS
    -- ====================================================================

    -- CORRECCIÓN G: todos los triggers terminan con / en línea propia
    -- NOTA PERFORMANCE: Este trigger FOR EACH ROW ejecuta SELECT en cada fila insertada/actualizada.
    -- En inserciones masivas (bulk), esto causa N queries + riesgo de locking.
    -- Para cargas masivas, desactivar temporalmente: ALTER TRIGGER trg_val_solicitud_materia DISABLE;
    -- y revalidar después con un SELECT de verificación masiva.
    CREATE INDEX idx_mentores_est_aprob ON mentores (estado_aprobacion);

    -- ====================================================================
    -- SECCIÓN 4: PAQUETES PL/SQL (SMART DB LÓGICA DE NEGOCIO)
    -- ====================================================================

    CREATE OR REPLACE PACKAGE pkg_mentorias AS
        PROCEDURE sp_crear_solicitud (
            p_estudiante_id IN NUMBER,
            p_materia_id IN NUMBER,
            p_descripcion IN VARCHAR2,
            p_fecha_hora IN TIMESTAMP,
            p_prioridad IN VARCHAR2
        );
        PROCEDURE sp_programar_sesion (
            p_solicitud_id IN NUMBER,
            p_inicio IN TIMESTAMP,
            p_fin IN TIMESTAMP,
            p_enlace IN VARCHAR2
        );
        PROCEDURE sp_agregar_disponibilidad (
            p_mentor_id IN NUMBER,
            p_dia_id IN NUMBER,
            p_inicio_min IN NUMBER,
            p_fin_min IN NUMBER
        );
    END pkg_mentorias;
    /

    CREATE OR REPLACE PACKAGE BODY pkg_mentorias AS
        PROCEDURE sp_crear_solicitud (
            p_estudiante_id IN NUMBER,
            p_materia_id IN NUMBER,
            p_descripcion IN VARCHAR2,
            p_fecha_hora IN TIMESTAMP,
            p_prioridad IN VARCHAR2
        ) IS
            v_exists NUMBER;
        BEGIN
            -- Validar: la materia pertenece a la carrera del estudiante
            BEGIN
                SELECT 1 INTO v_exists
                FROM estudiantes e
                JOIN perfiles_academicos pa ON pa.id = e.academico_id
                JOIN carreras c ON c.id = pa.carrera_id
                JOIN carrera_materias cm ON cm.carrera_id = c.id
                WHERE e.id = p_estudiante_id
                AND cm.materia_id = p_materia_id
                AND ROWNUM = 1;
            EXCEPTION WHEN NO_DATA_FOUND THEN v_exists := 0; END;
            
            IF v_exists = 0 THEN
                RAISE_APPLICATION_ERROR(-20001, 'La materia solicitada no pertenece a la carrera del estudiante.');
            END IF;

            INSERT INTO solicitudes_mentoria (estudiante_id, materia_id, descripcion, fecha_hora_deseada, prioridad, estado_solicitud)
            VALUES (p_estudiante_id, p_materia_id, p_descripcion, p_fecha_hora, p_prioridad, 'pendiente');
        END sp_crear_solicitud;

        PROCEDURE sp_programar_sesion (
            p_solicitud_id IN NUMBER,
            p_inicio IN TIMESTAMP,
            p_fin IN TIMESTAMP,
            p_enlace IN VARCHAR2
        ) IS
            v_mentor_id NUMBER;
            v_overlap_count NUMBER;
        BEGIN
            SELECT mentor_id INTO v_mentor_id FROM solicitudes_mentoria WHERE id = p_solicitud_id;
            IF v_mentor_id IS NULL THEN
                RAISE_APPLICATION_ERROR(-20006, 'La solicitud no tiene mentor asignado.');
            END IF;

            SELECT COUNT(*) INTO v_overlap_count
            FROM sesiones_mentoria ses
            JOIN solicitudes_mentoria sol ON sol.id = ses.solicitud_id
            WHERE sol.mentor_id = v_mentor_id
            AND ses.estado_sesion NOT IN ('cancelada')
            AND (
                (p_inicio >= ses.inicio AND p_inicio < ses.fin) OR
                (p_fin > ses.inicio AND p_fin <= ses.fin) OR
                (p_inicio <= ses.inicio AND p_fin >= ses.fin)
            );

            IF v_overlap_count > 0 THEN
                RAISE_APPLICATION_ERROR(-20005, 'El mentor ya tiene una sesión programada que se solapa.');
            END IF;

            INSERT INTO sesiones_mentoria (solicitud_id, inicio, fin, enlace_teams, estado_sesion)
            VALUES (p_solicitud_id, p_inicio, p_fin, p_enlace, 'programada');
        END sp_programar_sesion;

        PROCEDURE sp_agregar_disponibilidad (
            p_mentor_id IN NUMBER,
            p_dia_id IN NUMBER,
            p_inicio_min IN NUMBER,
            p_fin_min IN NUMBER
        ) IS
            v_overlap_count NUMBER;
        BEGIN
            SELECT COUNT(*) INTO v_overlap_count
            FROM disponibilidad_mentor
            WHERE mentor_id = p_mentor_id
            AND dia_id = p_dia_id
            AND activo = 1
            AND (
                (p_inicio_min >= hora_inicio_min AND p_inicio_min < hora_fin_min) OR
                (p_fin_min > hora_inicio_min AND p_fin_min <= hora_fin_min) OR
                (p_inicio_min <= hora_inicio_min AND p_fin_min >= hora_fin_min)
            );
            
            IF v_overlap_count > 0 THEN
                RAISE_APPLICATION_ERROR(-20011, 'El horario de disponibilidad se solapa con uno existente.');
            END IF;
            
            INSERT INTO disponibilidad_mentor (mentor_id, dia_id, hora_inicio_min, hora_fin_min)
            VALUES (p_mentor_id, p_dia_id, p_inicio_min, p_fin_min);
        END sp_agregar_disponibilidad;
    END pkg_mentorias;
    /

    CREATE OR REPLACE TRIGGER trg_upd_ts_cuentas
    BEFORE UPDATE ON cuentas FOR EACH ROW
    BEGIN
        :NEW.fecha_actualizacion := SYSTIMESTAMP;
    END;
    /

    CREATE OR REPLACE TRIGGER trg_upd_ts_perfiles
    BEFORE UPDATE ON perfiles FOR EACH ROW
    BEGIN
        :NEW.fecha_actualizacion := SYSTIMESTAMP;
    END;
    /

    CREATE OR REPLACE TRIGGER trg_upd_ts_fac_dir
    BEFORE UPDATE ON facultad_directores FOR EACH ROW
    BEGIN
        :NEW.fecha_actualizacion := SYSTIMESTAMP;
    END;
    /

    CREATE OR REPLACE TRIGGER trg_upd_ts_perf_acad
    BEFORE UPDATE ON perfiles_academicos FOR EACH ROW
    BEGIN
        :NEW.fecha_actualizacion := SYSTIMESTAMP;
    END;
    /

    CREATE OR REPLACE TRIGGER trg_upd_ts_facultades
    BEFORE UPDATE ON facultades FOR EACH ROW
    BEGIN
        :NEW.fecha_actualizacion := SYSTIMESTAMP;
    END;
    /

    CREATE OR REPLACE TRIGGER trg_upd_ts_carreras
    BEFORE UPDATE ON carreras FOR EACH ROW
    BEGIN
        :NEW.fecha_actualizacion := SYSTIMESTAMP;
    END;
    /

    CREATE OR REPLACE TRIGGER trg_upd_ts_roles
    BEFORE UPDATE ON roles FOR EACH ROW
    BEGIN
        :NEW.fecha_actualizacion := SYSTIMESTAMP;
    END;
    /

    CREATE OR REPLACE TRIGGER trg_upd_ts_estudiantes
    BEFORE UPDATE ON estudiantes FOR EACH ROW
    BEGIN
        :NEW.fecha_actualizacion := SYSTIMESTAMP;
    END;
    /

    CREATE OR REPLACE TRIGGER trg_upd_ts_mentores
    BEFORE UPDATE ON mentores FOR EACH ROW
    BEGIN
        :NEW.fecha_actualizacion := SYSTIMESTAMP;
    END;
    /

    CREATE OR REPLACE TRIGGER trg_upd_ts_c_roles
    BEFORE UPDATE ON cuenta_roles FOR EACH ROW
    BEGIN
        :NEW.fecha_actualizacion := SYSTIMESTAMP;
    END;
    /

    CREATE OR REPLACE TRIGGER trg_upd_ts_materias
    BEFORE UPDATE ON materias FOR EACH ROW
    BEGIN
        :NEW.fecha_actualizacion := SYSTIMESTAMP;
    END;
    /

    CREATE OR REPLACE TRIGGER trg_upd_ts_mentor_esp
    BEFORE UPDATE ON mentor_especialidades FOR EACH ROW
    BEGIN
        :NEW.fecha_actualizacion := SYSTIMESTAMP;
    END;
    /

    CREATE OR REPLACE TRIGGER trg_upd_ts_disp_mentor
    BEFORE UPDATE ON disponibilidad_mentor FOR EACH ROW
    BEGIN
        :NEW.fecha_actualizacion := SYSTIMESTAMP;
    END;
    /

    CREATE OR REPLACE TRIGGER trg_upd_ts_solicitudes
    BEFORE UPDATE ON solicitudes_mentoria FOR EACH ROW
    BEGIN
        :NEW.fecha_actualizacion := SYSTIMESTAMP;
    END;
    /

    CREATE OR REPLACE TRIGGER trg_upd_ts_sesiones
    BEFORE UPDATE ON sesiones_mentoria FOR EACH ROW
    BEGIN
        :NEW.fecha_actualizacion := SYSTIMESTAMP;
    END;
    /

    CREATE OR REPLACE TRIGGER trg_upd_ts_calif
    BEFORE UPDATE ON calificaciones FOR EACH ROW
    BEGIN
        :NEW.fecha_actualizacion := SYSTIMESTAMP;
    END;
    /

    CREATE OR REPLACE TRIGGER trg_upd_ts_notif
    BEFORE UPDATE ON notificaciones FOR EACH ROW
    BEGIN
        :NEW.fecha_actualizacion := SYSTIMESTAMP;
        IF :OLD.leido = 0 AND :NEW.leido = 1 THEN
            :NEW.fecha_leido := SYSTIMESTAMP;
        ELSIF :OLD.leido = 1 AND :NEW.leido = 0 THEN
            :NEW.fecha_leido := NULL;
        END IF;
    END;
    /

    -- Trigger de validación: Consistencia transaccional de estados en Solicitudes
    CREATE OR REPLACE TRIGGER trg_val_estado_solicitud
    BEFORE INSERT OR UPDATE ON solicitudes_mentoria
    FOR EACH ROW
    BEGIN
        IF :NEW.estado_solicitud != 'aceptada' AND :NEW.mentor_id IS NOT NULL THEN
            RAISE_APPLICATION_ERROR(-20009, 'No se puede asignar un mentor_id si el estado_solicitud no es aceptada.');
        END IF;
        IF :NEW.estado_solicitud = 'aceptada' AND :NEW.mentor_id IS NULL THEN
            RAISE_APPLICATION_ERROR(-20010, 'Una solicitud aceptada debe tener obligatoriamente un mentor_id asignado.');
        END IF;
    END;
    /

    -- Trigger de validación: sesión solo para solicitudes aceptadas
    CREATE OR REPLACE TRIGGER trg_val_sesion_solicitud
    BEFORE INSERT OR UPDATE ON sesiones_mentoria
    FOR EACH ROW
    DECLARE
        v_estado VARCHAR2(20);
    BEGIN
        SELECT estado_solicitud INTO v_estado
        FROM solicitudes_mentoria
        WHERE id = :NEW.solicitud_id;
        
        IF v_estado != 'aceptada' THEN
            RAISE_APPLICATION_ERROR(-20004,
                'No se puede programar una sesión para una solicitud que no está aceptada.');
        END IF;
    EXCEPTION
        WHEN NO_DATA_FOUND THEN
            RAISE_APPLICATION_ERROR(-20006, 'La solicitud de mentoría asociada no existe.');
    END;
    /

    -- Compound Trigger anti-solapamiento ELIMINADO para V8, reemplazado por pkg_mentorias

    -- Triggers de auditoría automática con JSON
    CREATE OR REPLACE TRIGGER trg_audit_mentores
    AFTER INSERT OR UPDATE OR DELETE ON mentores
    FOR EACH ROW
    DECLARE
        v_accion VARCHAR2(10);
    BEGIN
        IF INSERTING THEN v_accion := 'crear';
        ELSIF UPDATING THEN v_accion := 'actualizar';
        ELSE v_accion := 'eliminar';
        END IF;
        
        INSERT INTO historial_cambios (tabla_id, registro_id, accion, descripcion, detalles_json)
        VALUES (
            (SELECT id FROM tablas_sistema WHERE nombre = 'mentores'),
            NVL(:NEW.id, :OLD.id),
            v_accion,
            'Auditoría automática de mentor',
            JSON_OBJECT('old_estado' VALUE NVL(:OLD.estado_aprobacion, 'N/A'), 'new_estado' VALUE NVL(:NEW.estado_aprobacion, 'N/A'))
        );
    END;
    /

    CREATE OR REPLACE TRIGGER trg_audit_solicitudes
    AFTER INSERT OR UPDATE OR DELETE ON solicitudes_mentoria
    FOR EACH ROW
    DECLARE
        v_accion VARCHAR2(10);
    BEGIN
        IF INSERTING THEN v_accion := 'crear';
        ELSIF UPDATING THEN v_accion := 'actualizar';
        ELSE v_accion := 'eliminar';
        END IF;
        
        INSERT INTO historial_cambios (tabla_id, registro_id, accion, descripcion, detalles_json)
        VALUES (
            (SELECT id FROM tablas_sistema WHERE nombre = 'solicitudes_mentoria'),
            NVL(:NEW.id, :OLD.id),
            v_accion,
            'Auditoría automática de solicitud',
            JSON_OBJECT('old_estado' VALUE NVL(:OLD.estado_solicitud, 'N/A'), 'new_estado' VALUE NVL(:NEW.estado_solicitud, 'N/A'))
        );
    END;
    /

    CREATE OR REPLACE TRIGGER trg_audit_sesiones
    AFTER INSERT OR UPDATE OR DELETE ON sesiones_mentoria
    FOR EACH ROW
    DECLARE
        v_accion VARCHAR2(10);
    BEGIN
        IF INSERTING THEN v_accion := 'crear';
        ELSIF UPDATING THEN v_accion := 'actualizar';
        ELSE v_accion := 'eliminar';
        END IF;
        
        INSERT INTO historial_cambios (tabla_id, registro_id, accion, descripcion, detalles_json)
        VALUES (
            (SELECT id FROM tablas_sistema WHERE nombre = 'sesiones_mentoria'),
            NVL(:NEW.id, :OLD.id),
            v_accion,
            'Auditoría automática de sesión',
            JSON_OBJECT('old_estado' VALUE NVL(:OLD.estado_sesion, 'N/A'), 'new_estado' VALUE NVL(:NEW.estado_sesion, 'N/A'))
        );
    END;
    /

    -- Trigger de validación: solo administradores pueden aprobar mentores
    CREATE OR REPLACE TRIGGER trg_val_mentor_aprobador
    BEFORE INSERT OR UPDATE ON mentores
    FOR EACH ROW
    DECLARE
        v_es_admin NUMBER;
    BEGIN
        IF :NEW.aprobado_por IS NOT NULL THEN
            SELECT COUNT(*)
            INTO v_es_admin
            FROM cuenta_roles cr
            JOIN roles r ON r.id = cr.rol_id
            WHERE cr.cuenta_id = :NEW.aprobado_por
            AND r.nombre = 'administrador'
            AND cr.estado = 1;

            IF v_es_admin = 0 THEN
                RAISE_APPLICATION_ERROR(-20003,
                    'Solo un administrador puede aprobar mentores.');
            END IF;
        END IF;
    END;
    /

    -- Trigger de validación: no se puede calificar una sesión que no esté completada
    CREATE OR REPLACE TRIGGER trg_val_calificacion_sesion
    BEFORE INSERT OR UPDATE ON calificaciones
    FOR EACH ROW
    DECLARE
        v_estado VARCHAR2(20);
    BEGIN
        SELECT estado_sesion INTO v_estado
        FROM sesiones_mentoria
        WHERE id = :NEW.sesion_id;
        
        IF v_estado != 'completada' THEN
            RAISE_APPLICATION_ERROR(-20007,
                'No se puede calificar una sesión que no haya sido completada.');
        END IF;
    EXCEPTION
        WHEN NO_DATA_FOUND THEN
            RAISE_APPLICATION_ERROR(-20008, 'La sesión de mentoría asociada no existe.');
    END;
    /

    -- ====================================================================
    -- SECCIÓN 4: VISTAS
    -- ====================================================================

    -- CORRECCIÓN H: aliases sin ambigüedad; todas las columnas calificadas
    CREATE OR REPLACE VIEW vw_mentores_estadisticas AS
    SELECT
        m.id AS mentor_id,
        NVL(ROUND(AVG(c.puntaje_total), 2), 0) AS promedio_calificacion,
        COUNT(DISTINCT CASE WHEN s.estado_sesion = 'completada' THEN s.id END) AS total_sesiones
    FROM mentores m
    LEFT JOIN solicitudes_mentoria sm ON sm.mentor_id = m.id
    LEFT JOIN sesiones_mentoria s ON s.solicitud_id = sm.id
    LEFT JOIN calificaciones c ON c.sesion_id = s.id AND c.estado = 1
    WHERE m.estado = 1
    GROUP BY m.id;

    CREATE OR REPLACE VIEW vw_mentores_top AS
    SELECT
        cta.id AS cuenta_id,
        p.nombres || ' ' || p.apellidos AS nombre_completo,
        cta.correo,
        car.nombre AS carrera,
        est.promedio_calificacion,
        est.total_sesiones,
        m.estado_aprobacion
    FROM mentores m
    JOIN perfiles_academicos pa ON pa.id = m.academico_id
    JOIN perfiles p ON p.id = pa.perfil_id
    JOIN cuentas cta ON cta.id = p.cuenta_id
    JOIN carreras car ON car.id = pa.carrera_id
    JOIN vw_mentores_estadisticas est ON est.mentor_id = m.id
    WHERE m.estado = 1 AND m.estado_aprobacion = 'aprobado';

    CREATE OR REPLACE VIEW vw_sesiones_realizadas AS
    SELECT
        ses.id,
        p_est.nombres || ' ' || p_est.apellidos AS estudiante,
        p_men.nombres || ' ' || p_men.apellidos AS mentor,
        ma.nombre AS materia,
        ses.inicio AS fecha_hora_inicio,
        ses.fin AS fecha_hora_fin,
        ses.estado_sesion,
        cal.puntaje_total AS calificacion
    FROM sesiones_mentoria ses
    JOIN solicitudes_mentoria sol ON sol.id = ses.solicitud_id
    JOIN estudiantes e ON e.id = sol.estudiante_id
    JOIN perfiles_academicos pa_est ON pa_est.id = e.academico_id
    JOIN perfiles p_est ON p_est.id = pa_est.perfil_id
    JOIN mentores m ON m.id = sol.mentor_id
    JOIN perfiles_academicos pa_men ON pa_men.id = m.academico_id
    JOIN perfiles p_men ON p_men.id = pa_men.perfil_id
    JOIN materias ma ON ma.id = sol.materia_id
    LEFT JOIN calificaciones cal ON cal.sesion_id = ses.id AND cal.estado = 1;

    CREATE OR REPLACE VIEW vw_usuarios_activos AS
    WITH stats AS (
        SELECT cta.id AS cuenta_id,
            (SELECT COUNT(*) FROM solicitudes_mentoria sm
                JOIN estudiantes e ON e.id = sm.estudiante_id
                JOIN perfiles_academicos pa ON pa.id = e.academico_id
                JOIN perfiles p2 ON p2.id = pa.perfil_id
                WHERE p2.cuenta_id = cta.id) AS solicitudes_realizadas,
            (SELECT COUNT(*) FROM sesiones_mentoria ses
                JOIN solicitudes_mentoria sm ON sm.id = ses.solicitud_id
                JOIN estudiantes e ON e.id = sm.estudiante_id
                JOIN perfiles_academicos pa ON pa.id = e.academico_id
                JOIN perfiles p2 ON p2.id = pa.perfil_id
                WHERE p2.cuenta_id = cta.id) AS sesiones_participadas
        FROM cuentas cta
    )
    SELECT cta.id AS cuenta_id,
        p.nombres || ' ' || p.apellidos AS nombre_completo,
        cta.correo,
        s.solicitudes_realizadas,
        s.sesiones_participadas,
        cta.ultimo_acceso
    FROM cuentas cta
    JOIN perfiles p ON p.cuenta_id = cta.id
    JOIN stats s ON s.cuenta_id = cta.id
    WHERE cta.estado = 1;

    -- CORRECCIÓN I: LISTAGG es 100% compatible con Oracle 11g+ y 19c
    CREATE OR REPLACE VIEW vw_materias_solicitadas AS
    WITH solicitudes_stats AS (
        SELECT materia_id,
            COUNT(id) AS total_solicitudes,
            COUNT(CASE WHEN estado_solicitud = 'aceptada' THEN 1 END) AS aceptadas
        FROM solicitudes_mentoria
        GROUP BY materia_id
    ),
    carreras_materia AS (
        SELECT cm.materia_id,
            LISTAGG(c.nombre, ', ') WITHIN GROUP (ORDER BY c.nombre) AS carreras
        FROM carrera_materias cm
        JOIN carreras c ON c.id = cm.carrera_id
        GROUP BY cm.materia_id
    )
    SELECT
        ma.id,
        ma.codigo,
        ma.nombre,
        cm.carreras,
        NVL(ss.total_solicitudes, 0) AS total_solicitudes,
        NVL(ss.aceptadas, 0) AS aceptadas
    FROM materias ma
    LEFT JOIN carreras_materia cm ON cm.materia_id = ma.id
    LEFT JOIN solicitudes_stats ss ON ss.materia_id = ma.id
    WHERE ma.estado = 1;

    COMMIT;

    -- ====================================================================
    -- SECCIÓN 5: SEGURIDAD Y ROLES
    -- ====================================================================
    -- CREATE ROLE rol_app_mentorias;
    -- GRANT EXECUTE ON pkg_mentorias TO rol_app_mentorias;
    -- GRANT SELECT, INSERT, UPDATE, DELETE ON cuentas TO rol_app_mentorias;
    -- GRANT SELECT, INSERT, UPDATE, DELETE ON perfiles TO rol_app_mentorias;
    -- GRANT SELECT, INSERT, UPDATE, DELETE ON estudiantes TO rol_app_mentorias;
    -- GRANT SELECT, INSERT, UPDATE, DELETE ON mentores TO rol_app_mentorias;
    -- GRANT SELECT, INSERT, UPDATE, DELETE ON solicitudes_mentoria TO rol_app_mentorias;
    -- GRANT SELECT, INSERT, UPDATE, DELETE ON sesiones_mentoria TO rol_app_mentorias;
    -- GRANT SELECT, INSERT, UPDATE, DELETE ON historial_cambios TO rol_app_mentorias;
    -- GRANT SELECT ON cat_estado_aprobacion TO rol_app_mentorias;
    -- GRANT SELECT ON cat_estado_solicitud TO rol_app_mentorias;
    -- GRANT SELECT ON cat_estado_sesion TO rol_app_mentorias;
    -- GRANT SELECT ON cat_dias TO rol_app_mentorias;
